code,name
SZ.000012,南玻A
SZ.000028,国药一致
SZ.000029,深深房A
SZ.000030,富奥股份
SZ.000035,中国天楹
SZ.000048,京基智农
SZ.000049,德赛电池
SZ.000058,深赛格
SZ.000059,华锦股份
SZ.000061,农产品
SZ.000065,北方国际
SZ.000089,深圳机场
SZ.000099,中信海直
SZ.000156,华数传媒
SZ.000403,派林生物
SZ.000420,吉林化纤
SZ.000422,湖北宜化
SZ.000498,山东路桥
SZ.000503,国新健康
SZ.000506,招金黄金
SZ.000534,万泽股份
SZ.000543,皖能电力
SZ.000550,江铃汽车
SZ.000552,甘肃能化
SZ.000555,神州信息
SZ.000563,陕国投A
SZ.000567,海德股份
SZ.000581,威孚高科
SZ.000600,建投能源
SZ.000603,盛达资源
SZ.000612,焦作万方
SZ.000620,盈新发展
SZ.000628,高新发展
SZ.000636,风华高科
SZ.000650,仁和药业
SZ.000672,上峰材料
SZ.000676,智度股份
SZ.000680,山推股份
SZ.000681,视觉中国
SZ.000682,东方电子
SZ.000685,中山公用
SZ.000686,东北证券
SZ.000688,国城矿业
SZ.000690,宝新能源
SZ.000712,锦龙股份
SZ.000719,中原传媒
SZ.000727,冠捷科技
SZ.000758,中色股份
SZ.000762,西藏矿业
SZ.000766,通化金马
SZ.000767,晋控电力
SZ.000778,新兴铸管
SZ.000791,甘肃能源
SZ.000795,英洛华
SZ.000801,四川九洲
SZ.000810,创维数字
SZ.000811,冰轮环境
SZ.000813,德展健康
SZ.000828,东莞控股
SZ.000829,天音控股
SZ.000833,粤桂股份
SZ.000837,秦川机床
SZ.000848,承德露露
SZ.000860,顺鑫农业
SZ.000875,电投绿能
SZ.000880,潍柴重机
SZ.000885,城发环境
SZ.000899,赣能股份
SZ.000901,航天科技
SZ.000902,新洋丰
SZ.000913,钱江摩托
SZ.000917,电广传媒
SZ.000923,河钢资源
SZ.000927,中国铁物
SZ.000928,中钢国际
SZ.000930,中粮科技
SZ.000935,四川双马
SZ.000950,重药控股
SZ.000962,东方钽业
SZ.000966,长源电力
SZ.000969,安泰科技
SZ.000970,中科三环
SZ.000973,佛塑科技
SZ.000990,诚志股份
SZ.000998,隆平高科
SZ.001227,兰州银行
SZ.001233,海安集团
SZ.001236,弘业期货
SZ.001267,汇绿生态
SZ.001287,中电港
SZ.001301,尚太科技
SZ.001337,四川黄金
SZ.001339,智微智能
SZ.001359,平安电工
SZ.001369,双欣材料
SZ.001382,新亚电缆
SZ.001896,豫能控股
SZ.001914,招商积余
SZ.002003,伟星股份
SZ.002004,华邦健康
SZ.002006,精工科技
SZ.002010,传化智联
SZ.002011,盾安环境
SZ.002015,协鑫能科
SZ.002017,东信和平
SZ.002019,亿帆医药
SZ.002020,京新药业
SZ.002023,海特高新
SZ.002036,联创电子
SZ.002041,登海种业
SZ.002043,兔宝宝
SZ.002045,国光电器
SZ.002046,国机精工
SZ.002048,宁波华翔
SZ.002051,中工国际
SZ.002053,云南能投
SZ.002060,广东建工
SZ.002061,浙江交科
SZ.002063,远光软件
SZ.002073,软控股份
SZ.002075,沙钢股份
SZ.002077,大港股份
SZ.002081,金螳螂
SZ.002091,江苏国泰
SZ.002093,国脉科技
SZ.002096,易普力
SZ.002097,山河智能
SZ.002099,海翔药业
SZ.002100,天康生物
SZ.002101,广东鸿图
SZ.002104,恒宝股份
SZ.002110,三钢闽光
SZ.002121,科陆电子
SZ.002123,梦网科技
SZ.002125,湘潭电化
SZ.002127,南极电商
SZ.002139,拓邦股份
SZ.002145,钛能化学
SZ.002149,西部材料
SZ.002151,北斗星通
SZ.002158,汉钟精机
SZ.002163,海南发展
SZ.002170,芭田股份
SZ.002171,楚江新材
SZ.002174,游族网络
SZ.002176,江特电机
SZ.002181,粤传媒
SZ.002182,宝武镁业
SZ.002183,怡亚通
SZ.002192,融捷股份
SZ.002194,武汉凡谷
SZ.002204,大连重工
SZ.002212,天融信
SZ.002215,诺普信
SZ.002216,三全食品
SZ.002221,东华能源
SZ.002222,福晶科技
SZ.002226,江南化工
SZ.002233,塔牌集团
SZ.002237,恒邦股份
SZ.002239,奥特佳
SZ.002243,力合科创
SZ.002245,蔚蓝锂芯
SZ.002246,北化股份
SZ.002249,大洋电机
SZ.002250,联化科技
SZ.002251,步步高
SZ.002254,泰和新材
SZ.002258,利尔化学
SZ.002267,陕天然气
SZ.002268,电科网安
SZ.002270,华明装备
SZ.002276,万马股份
SZ.002287,奇正藏药
SZ.002290,禾盛新材
SZ.002292,奥飞娱乐
SZ.002315,焦点科技
SZ.002317,众生药业
SZ.002320,海峡股份
SZ.002324,普利特
SZ.002326,永太科技
SZ.002332,仙琚制药
SZ.002338,奥普光电
SZ.002345,潮宏基
SZ.002351,漫步者
SZ.002354,天娱数科
SZ.002364,中恒电气
SZ.002368,太极股份
SZ.002372,伟星新材
SZ.002373,千方科技
SZ.002378,章源钨业
SZ.002389,航天彩虹
SZ.002396,星网锐捷
SZ.002400,省广集团
SZ.002405,四维图新
SZ.002408,齐翔腾达
SZ.002416,爱施德
SZ.002428,云南锗业
SZ.002434,万里扬
SZ.002456,欧菲光
SZ.002458,益生股份
SZ.002468,申通快递
SZ.002484,江海股份
SZ.002488,金固股份
SZ.002497,雅化集团
SZ.002498,汉缆股份
SZ.002506,协鑫集成
SZ.002507,涪陵榨菜
SZ.002511,中顺洁柔
SZ.002516,旷达科技
SZ.002518,科士达
SZ.002531,天顺风能
SZ.002534,西子洁能
SZ.002536,飞龙股份
SZ.002537,海联金汇
SZ.002539,云图控股
SZ.002541,鸿路钢构
SZ.002544,普天科技
SZ.002545,东方铁塔
SZ.002549,凯美特气
SZ.002550,千红制药
SZ.002557,洽洽食品
SZ.002563,森马服饰
SZ.002572,索菲亚
SZ.002588,史丹利
SZ.002597,金禾实业
SZ.002605,姚记科技
SZ.002611,东方精工
SZ.002617,露笑科技
SZ.002626,金达威
SZ.002635,安洁科技
SZ.002636,金安国纪
SZ.002639,雪人集团
SZ.002643,万润股份
SZ.002651,利君股份
SZ.002654,万润科技
SZ.002668,TCL智家
SZ.002675,东诚药业
SZ.002681,奋达科技
SZ.002690,美亚光电
SZ.002698,博实股份
SZ.002701,奥瑞金
SZ.002705,新宝股份
SZ.002706,良信股份
SZ.002716,湖南白银
SZ.002727,一心堂
SZ.002737,葵花药业
SZ.002745,木林森
SZ.002747,埃斯顿
SZ.002755,奥赛康
SZ.002761,浙江建投
SZ.002768,国恩股份
SZ.002779,中坚科技
SZ.002807,江阴银行
SZ.002815,崇达技术
SZ.002827,高争民爆
SZ.002832,比音勒芬
SZ.002838,道恩股份
SZ.002839,张家港行
SZ.002840,华统股份
SZ.002847,盐津铺子
SZ.002859,洁美科技
SZ.002867,周大生
SZ.002881,美格智能
SZ.002882,金龙羽
SZ.002891,中宠股份
SZ.002892,科力尔
SZ.002895,川恒股份
SZ.002896,中大力德
SZ.002897,意华股份
SZ.002901,大博医疗
SZ.002906,华阳集团
SZ.002911,佛燃能源
SZ.002913,奥士康
SZ.002922,伊戈尔
SZ.002925,盈趣科技
SZ.002928,华夏航空
SZ.002929,润建股份
SZ.002936,郑州银行
SZ.002941,新疆交建
SZ.002946,新乳业
SZ.002947,恒铭达
SZ.002948,青岛银行
SZ.002958,青农商行
SZ.002960,青鸟智控
SZ.002961,瑞达期货
SZ.002965,祥鑫科技
SZ.002967,广电计量
SZ.002978,安宁股份
SZ.002979,雷赛智能
SZ.002985,北摩高科
SZ.002987,京北方
SZ.002993,奥海科技
SZ.003006,百亚股份
SZ.003010,若羽臣
SZ.003039,顺控发展
SZ.300007,汉威科技
SZ.300008,天海防务
SZ.300009,安科生物
SZ.300026,红日药业
SZ.300031,宝通科技
SZ.300034,钢研高纳
SZ.300035,中科电气
SZ.300036,超图软件
SZ.300045,华力创通
SZ.300047,天源迪科
SZ.300049,福瑞医科
SZ.300065,海兰信
SZ.300070,碧水源
SZ.300075,数字政通
SZ.300077,国民技术
SZ.300080,易成新能
SZ.300083,创世纪
SZ.300085,银之杰
SZ.300088,长信科技
SZ.300098,高新兴
SZ.300101,振芯科技
SZ.300102,乾照光电
SZ.300113,顺网科技
SZ.300119,瑞普生物
SZ.300127,银河磁体
SZ.300130,新国都
SZ.300131,英唐智控
SZ.300133,华策影视
SZ.300134,大富科技
SZ.300153,科泰电源
SZ.300166,东方国信
SZ.300170,汉得信息
SZ.300171,东富龙
SZ.300180,华峰超纤
SZ.300181,佐力药业
SZ.300182,捷成股份
SZ.300184,力源信息
SZ.300185,通裕重工
SZ.300188,国投智能
SZ.300199,翰宇药业
SZ.300224,正海磁材
SZ.300229,拓尔思
SZ.300236,上海新阳
SZ.300244,迪安诊断
SZ.300253,卫宁健康
SZ.300257,开山股份
SZ.300260,新莱应材
SZ.300276,三丰智能
SZ.300284,苏交科
SZ.300294,博雅生物
SZ.300296,利亚德
SZ.300298,三诺生物
SZ.300303,聚飞光电
SZ.300315,掌趣科技
SZ.300319,麦捷科技
SZ.300322,硕贝德
SZ.300323,华灿光电
SZ.300327,中颖电子
SZ.300337,银邦股份
SZ.300341,麦克奥迪
SZ.300342,天银机电
SZ.300348,长亮科技
SZ.300353,东土科技
SZ.300357,我武生物
SZ.300360,炬华科技
SZ.300363,博腾股份
SZ.300376,易事特
SZ.300378,鼎捷数智
SZ.300398,飞凯材料
SZ.300409,道氏技术
SZ.300415,伊之密
SZ.300416,苏试试验
SZ.300428,立中集团
SZ.300438,鹏辉能源
SZ.300443,金雷股份
SZ.300446,航天智造
SZ.300455,航天智装
SZ.300456,赛微电子
SZ.300457,赢合科技
SZ.300459,汤姆猫
SZ.300468,四方精创
SZ.300482,万孚生物
SZ.300492,华图山鼎
SZ.300493,润欣科技
SZ.300503,昊志机电
SZ.300525,博思软件
SZ.300529,健帆生物
SZ.300568,星源材质
SZ.300573,兴齐眼药
SZ.300576,容大感光
SZ.300579,数字认证
SZ.300580,贝斯特
SZ.300593,新雷能
SZ.300595,欧普康视
SZ.300598,诚迈科技
SZ.300601,康泰生物
SZ.300602,飞荣达
SZ.300607,拓斯达
SZ.300613,富瀚微
SZ.300618,寒锐钴业
SZ.300624,万兴科技
SZ.300633,开立医疗
SZ.300634,彩讯股份
SZ.300638,广和通
SZ.300641,正丹股份
SZ.300655,晶瑞电材
SZ.300657,弘信电子
SZ.300660,江苏雷利
SZ.300672,国科微
SZ.300674,宇信科技
SZ.300678,中科信息
SZ.300680,隆盛科技
SZ.300682,朗新科技
SZ.300684,中石科技
SZ.300685,艾德生物
SZ.300687,赛意信息
SZ.300693,盛弘股份
SZ.300702,天宇股份
SZ.300723,一品红
SZ.300725,药石科技
SZ.300726,宏达电子
SZ.300738,奥飞数据
SZ.300747,锐科激光
SZ.300761,立华股份
SZ.300762,上海瀚讯
SZ.300768,迪普科技
SZ.300770,新媒股份
SZ.300772,运达股份
SZ.300773,拉卡拉
SZ.300775,三角防务
SZ.300776,帝尔激光
SZ.300777,中简科技
SZ.300779,惠城环保
SZ.300783,三只松鼠
SZ.300806,斯迪克
SZ.300809,华辰装备
SZ.300811,铂科新材
SZ.300814,中富电路
SZ.300820,英杰电气
SZ.300821,东岳硅材
SZ.300827,上能电气
SZ.300841,康华生物
SZ.300850,新强联
SZ.300855,图南股份
SZ.300861,美畅股份
SZ.300870,欧陆通
SZ.300872,天阳科技
SZ.300910,瑞丰新材
SZ.300913,兆龙互连
SZ.300925,法本信息
SZ.300926,博俊科技
SZ.300969,恒帅股份
SZ.300990,同飞股份
SZ.301000,肇民科技
SZ.301005,超捷股份
SZ.301015,百洋医药
SZ.301018,申菱环境
SZ.301029,怡合达
SZ.301031,中熔电气
SZ.301035,润丰股份
SZ.301039,中集车辆
SZ.301047,义翘神州
SZ.301050,雷电微力
SZ.301061,匠心家居
SZ.301071,力量钻石
SZ.301078,孩子王
SZ.301087,可孚医疗
SZ.301091,深城交
SZ.301095,广立微
SZ.301101,明月镜片
SZ.301109,军信股份
SZ.301127,武汉天源
SZ.301153,中科江南
SZ.301155,海力风电
SZ.301171,易点天下
SZ.301175,中科环保
SZ.301177,迪阿股份
SZ.301196,唯科科技
SZ.301205,联特科技
SZ.301207,华兰疫苗
SZ.301215,中汽股份
SZ.301216,万凯新材
SZ.301217,铜冠铜箔
SZ.301219,腾远钴业
SZ.301225,恒勃股份
SZ.301238,瑞泰新材
SZ.301262,海看股份
SZ.301263,泰恩康
SZ.301267,华厦眼科
SZ.301268,铭利达
SZ.301275,汉朔科技
SZ.301291,明阳电气
SZ.301293,三博脑科
SZ.301297,富乐德
SZ.301316,慧博云通
SZ.301327,华宝新能
SZ.301339,通行宝
SZ.301345,涛涛车业
SZ.301363,美好医疗
SZ.301371,敷尔佳
SZ.301381,赛维时代
SZ.301389,隆扬电子
SZ.301392,汇成真空
SZ.301396,宏景科技
SZ.301413,安培龙
SZ.301421,波长光电
SZ.301458,钧崴电子
SZ.301487,盟固利
SZ.301488,豪恩汽电
SZ.301489,思泉新材
SZ.301500,飞南资源
SZ.301510,固高科技
SZ.301511,德福科技
SZ.301522,上大股份
SZ.301550,斯菱智驱
SZ.301551,无线传媒
SZ.301556,托普云农
SZ.301563,云汉芯城
SZ.301565,中仑新材
SZ.301571,国科天成
SZ.301584,建发致新
SZ.301589,诺瓦星云
SZ.301592,六九一二
SZ.301600,慧翰股份
SZ.301602,超研股份
SZ.301622,英思特
SZ.301626,苏州天脉
SZ.301631,壹连科技
SZ.301632,广东建科
SZ.301658,首航新能
SZ.301662,宏工科技
SZ.301665,泰禾股份
SZ.301678,新恒汇
SH.600006,东风股份
SH.600012,皖通高速
SH.600017,日照港
SH.600022,山东钢铁
SH.600033,福建高速
SH.600037,歌华有线
SH.600055,万东医疗
SH.600056,中国医药
SH.600057,厦门象屿
SH.600058,五矿发展
SH.600059,古越龙山
SH.600063,皖维高新
SH.600064,南京高科
SH.600072,中船科技
SH.600075,新疆天业
SH.600094,大名城
SH.600113,浙江东日
SH.600114,东睦股份
SH.600116,三峡水利
SH.600120,浙江东方
SH.600123,兰花科创
SH.600129,太极集团
SH.600133,东湖高新
SH.600151,航天机电
SH.600155,华创云信
SH.600158,中体产业
SH.600163,中闽能源
SH.600167,联美控股
SH.600179,安通控股
SH.600184,光电股份
SH.600185,珠免集团
SH.600186,莲花控股
SH.600201,生物股份
SH.600206,有研新材
SH.600210,紫江企业
SH.600211,西藏药业
SH.600216,浙江医药
SH.600226,亨通股份
SH.600246,万通发展
SH.600248,陕建股份
SH.600252,中恒集团
SH.600258,首旅酒店
SH.600259,中稀有色
SH.600266,城建发展
SH.600267,海正药业
SH.600268,国电南自
SH.600269,赣粤高速
SH.600273,嘉化能源
SH.600285,羚锐制药
SH.600301,华锡有色
SH.600305,恒顺醋业
SH.600315,上海家化
SH.600320,振华重工
SH.600323,瀚蓝环境
SH.600325,华发股份
SH.600328,中盐化工
SH.600330,天通股份
SH.600331,宏达股份
SH.600335,国机汽车
SH.600338,西藏珠峰
SH.600345,长江通信
SH.600353,旭光电子
SH.600361,创新新材
SH.600366,宁波韵升
SH.600373,中文传媒
SH.600388,龙净环保
SH.600389,江山股份
SH.600391,航发科技
SH.600395,盘江股份
SH.600399,抚顺特钢
SH.600403,大有能源
SH.600409,三友化工
SH.600416,湘电股份
SH.600420,国药现代
SH.600422,昆药集团
SH.600428,中远海特
SH.600446,金证股份
SH.600452,涪陵电力
SH.600456,宝钛股份
SH.600458,时代新材
SH.600459,贵研铂业
SH.600461,洪城环境
SH.600475,华光环能
SH.600478,科力远
SH.600480,凌云股份
SH.600490,鹏欣资源
SH.600502,安徽建工
SH.600507,方大特钢
SH.600508,上海能源
SH.600509,天富能源
SH.600528,中铁工业
SH.600529,山东药玻
SH.600531,豫光金铅
SH.600550,保变电气
SH.600552,凯盛科技
SH.600556,天下秀
SH.600557,康缘药业
SH.600559,老白干酒
SH.600572,康恩贝
SH.600575,淮河能源
SH.600577,精达股份
SH.600587,新华医疗
SH.600596,新安股份
SH.600597,光明乳业
SH.600612,老凤祥
SH.600618,氯碱化工
SH.600619,海立股份
SH.600621,华鑫股份
SH.600623,华谊集团
SH.600629,华建集团
SH.600633,浙数文化
SH.600635,大众公用
SH.600639,浦东金桥
SH.600640,国脉文化
SH.600641,先导基电
SH.600643,爱建集团
SH.600645,中源协和
SH.600649,城投控股
SH.600651,飞乐音响
SH.600654,中安科
SH.600657,信达地产
SH.600662,外服控股
SH.600664,哈药股份
SH.600667,太极实业
SH.600675,中华企业
SH.600682,南京新百
SH.600686,金龙汽车
SH.600710,苏美达
SH.600717,天津港
SH.600718,东软集团
SH.600726,华电能源
SH.600728,佳都科技
SH.600729,重百集团
SH.600739,辽宁成大
SH.600740,山西焦化
SH.600744,华银电力
SH.600746,江苏索普
SH.600750,华润江中
SH.600751,海航科技
SH.600757,长江传媒
SH.600761,安徽合力
SH.600771,广誉远
SH.600773,西藏城投
SH.600776,东方通信
SH.600782,新钢股份
SH.600783,鲁信创投
SH.600787,中储股份
SH.600789,鲁抗医药
SH.600812,华北制药
SH.600821,金开新能
SH.600827,百联股份
SH.600835,上海机电
SH.600850,电科数字
SH.600859,王府井
SH.600864,哈投股份
SH.600866,星湖科技
SH.600867,通化东宝
SH.600869,远东股份
SH.600872,中炬高新
SH.600877,电科芯片
SH.600882,妙可蓝多
SH.600888,新疆众和
SH.600908,无锡银行
SH.600916,中国黄金
SH.600928,西安银行
SH.600929,雪天盐业
SH.600933,爱柯迪
SH.600956,新天绿能
SH.600961,株冶集团
SH.600963,岳阳林纸
SH.600971,恒源煤电
SH.600986,浙文互联
SH.600993,马应龙
SH.600996,贵广网络
SH.600997,开滦股份
SH.601003,柳钢股份
SH.601020,华钰矿业
SH.601022,宁波远洋
SH.601026,道生天合
SH.601033,永兴股份
SH.601038,一拖股份
SH.601068,中铝国际
SH.601069,西部黄金
SH.601083,锦江航运
SH.601089,福元医药
SH.601096,宏盛华源
SH.601101,昊华能源
SH.601107,四川成渝
SH.601126,四方股份
SH.601137,博威合金
SH.601187,厦门银行
SH.601200,上海环境
SH.601208,东材科技
SH.601222,林洋能源
SH.601311,骆驼股份
SH.601326,秦港股份
SH.601333,广深铁路
SH.601369,陕鼓动力
SH.601375,中原证券
SH.601519,大智慧
SH.601528,瑞丰银行
SH.601568,北元化工
SH.601595,上海电影
SH.601606,长城军工
SH.601609,金田股份
SH.601619,嘉泽新能
SH.601636,旗滨集团
SH.601677,明泰铝业
SH.601678,滨化股份
SH.601702,华峰铝业
SH.601777,千里科技
SH.601778,晶科科技
SH.601801,皖新传媒
SH.601858,中国科传
SH.601860,紫金银行
SH.601882,海天精工
SH.601890,亚星锚链
SH.601900,南方传媒
SH.601908,京运通
SH.601918,新集能源
SH.601921,浙版传媒
SH.601949,中国出版
SH.601952,苏垦农发
SH.601963,重庆银行
SH.601965,中国汽研
SH.601969,海南矿业
SH.601975,招商南油
SH.603005,晶方科技
SH.603009,北特科技
SH.603013,亚普股份
SH.603014,威高血净
SH.603025,大豪科技
SH.603026,石大胜华
SH.603027,千禾味业
SH.603033,三维股份
SH.603039,泛微网络
SH.603043,广州酒家
SH.603055,台华新材
SH.603057,紫燕食品
SH.603063,禾望电气
SH.603072,天和磁材
SH.603083,剑桥科技
SH.603093,南华期货
SH.603099,长白山
SH.603100,川仪股份
SH.603103,横店影视
SH.603108,润达医疗
SH.603118,共进股份
SH.603124,江南新材
SH.603127,昭衍新药
SH.603132,金徽股份
SH.603162,海通发展
SH.603166,福达股份
SH.603169,兰石重装
SH.603171,税友股份
SH.603193,润本股份
SH.603194,中力股份
SH.603202,天有为
SH.603218,日月股份
SH.603219,富佳股份
SH.603220,中贝通信
SH.603227,雪峰科技
SH.603236,移远通信
SH.603248,锡华科技
SH.603267,鸿远电子
SH.603279,景津装备
SH.603283,赛腾股份
SH.603297,永新光学
SH.603299,苏盐井神
SH.603300,海南华铁
SH.603301,振德医疗
SH.603305,旭升集团
SH.603306,华懋科技
SH.603317,天味食品
SH.603319,美湖股份
SH.603323,苏农银行
SH.603327,福蓉科技
SH.603328,依顿电子
SH.603337,杰克科技
SH.603355,莱克电气
SH.603358,华达科技
SH.603360,百傲化学
SH.603376,大明电子
SH.603393,新天然气
SH.603395,红四方
SH.603402,陕西旅游
SH.603406,天富龙
SH.603418,友升股份
SH.603456,九洲药业
SH.603477,巨星农牧
SH.603496,恒为科技
SH.603505,金石资源
SH.603508,思维列控
SH.603516,淳中科技
SH.603530,神马电力
SH.603533,掌阅科技
SH.603556,海兴电力
SH.603567,珍宝岛
SH.603583,捷昌驱动
SH.603588,高能环境
SH.603599,广信股份
SH.603612,索通发展
SH.603613,国联股份
SH.603619,中曼石油
SH.603638,艾迪精密
SH.603662,柯力传感
SH.603663,三祥新材
SH.603667,五洲新春
SH.603678,火炬电子
SH.603690,至纯科技
SH.603693,江苏新能
SH.603698,航天工程
SH.603707,健友股份
SH.603713,密尔克卫
SH.603730,岱美股份
SH.603733,仙鹤股份
SH.603809,豪能股份
SH.603826,坤彩科技
SH.603866,桃李面包
SH.603871,嘉友国际
SH.603876,鼎胜新材
SH.603881,数据港
SH.603883,老百姓
SH.603887,城地香江
SH.603888,新华网
SH.603915,国茂股份
SH.603919,金徽酒
SH.603927,中科软
SH.603929,亚翔集成
SH.603950,长源东谷
SH.603983,丸美生物
SH.603992,松霖科技
SH.603997,继峰股份
SH.605011,杭州热电
SH.605020,永和股份
SH.605090,九丰能源
SH.605099,共创草坪
SH.605111,新洁能
SH.605116,奥锐特
SH.605118,力鼎光电
SH.605123,派克新材
SH.605196,华通线缆
SH.605198,安德利
SH.605296,神农集团
SH.605333,沪光股份
SH.605376,博迁新材
SH.605507,国邦医药
SH.605555,德昌股份
SH.605599,菜百股份
SH.688001,华兴源创
SH.688003,天准科技
SH.688005,容百科技
SH.688006,杭可科技
SH.688016,心脉医疗
SH.688025,杰普特
SH.688029,南微医学
SH.688031,星环科技
SH.688032,禾迈股份
SH.688048,长光华芯
SH.688050,爱博医疗
SH.688062,迈威生物
SH.688063,派能科技
SH.688068,热景生物
SH.688083,中望软件
SH.688088,虹软科技
SH.688091,上海谊众
SH.688097,博众精工
SH.688100,威胜信息
SH.688102,斯瑞新材
SH.688106,金宏气体
SH.688107,安路科技
SH.688110,东芯股份
SH.688116,天奈科技
SH.688123,聚辰股份
SH.688127,蓝特光学
SH.688128,中国电研
SH.688131,皓元医药
SH.688139,海尔生物
SH.688141,杰华特
SH.688146,中船特气
SH.688147,微导纳米
SH.688150,莱特光电
SH.688153,唯捷创芯
SH.688158,优刻得
SH.688165,埃夫特
SH.688167,炬光科技
SH.688177,百奥泰
SH.688182,灿勤科技
SH.688190,云路股份
SH.688195,腾景科技
SH.688205,德科立
SH.688206,概伦电子
SH.688208,道通科技
SH.688232,新点软件
SH.688252,天德钰
SH.688262,国芯科技
SH.688279,峰岹科技
SH.688289,圣湘生物
SH.688300,联瑞新材
SH.688306,均普智能
SH.688321,微芯生物
SH.688326,经纬恒润
SH.688327,云从科技
SH.688332,中科蓝讯
SH.688333,铂力特
SH.688351,微电生理
SH.688352,颀中科技
SH.688353,华盛锂电
SH.688362,甬矽电子
SH.688368,晶丰明源
SH.688372,伟测科技
SH.688380,中微半导
SH.688382,益方生物
SH.688388,嘉元科技
SH.688390,固德威
SH.688392,骄成超声
SH.688400,凌云光
SH.688403,汇成股份
SH.688408,中信博
SH.688409,富创精密
SH.688432,有研硅
SH.688433,华曙高科
SH.688439,振华风光
SH.688443,智翔金泰
SH.688449,联芸科技
SH.688484,南芯科技
SH.688486,龙迅股份
SH.688502,茂莱光学
SH.688503,聚和材料
SH.688515,裕太微
SH.688516,奥特维
SH.688519,南亚新材
SH.688522,纳睿雷达
SH.688523,航天环宇
SH.688531,日联科技
SH.688536,思瑞浦
SH.688543,国科军工
SH.688545,兴福电子
SH.688548,广钢气体
SH.688549,中巨芯
SH.688552,航天南湖
SH.688559,海目星
SH.688567,孚能科技
SH.688584,上海合晶
SH.688586,江航装备
SH.688591,泰凌微
SH.688593,新相微
SH.688596,正帆科技
SH.688605,先锋精科
SH.688612,威迈斯
SH.688627,精智达
SH.688630,芯碁微装
SH.688631,莱斯信息
SH.688639,华恒生物
SH.688652,京仪装备
SH.688658,悦康药业
SH.688660,电气风电
SH.688668,鼎通科技
SH.688686,奥普特
SH.688690,纳微科技
SH.688691,灿芯股份
SH.688698,伟创电气
SH.688700,东威科技
SH.688717,艾罗能源
SH.688726,拉普拉斯
SH.688766,普冉股份
SH.688776,国光电气
SH.688779,五矿新能
SH.688789,宏华数科
SH.688798,艾为电子
SH.688800,瑞可达